[
  {
    "id": "e0b9f862-4293-4c51-a042-a2d21d7119a0",
    "data": [
      {
        "text": "consulta",
        "userDefined": false
      }
    ],
    "isTemplate": false,
    "count": 0,
    "lang": "pt-br",
    "updated": 0
  },
  {
    "id": "b7828fa0-37e3-42f5-bdc3-2aac524c135f",
    "data": [
      {
        "text": "consultas",
        "userDefined": false
      }
    ],
    "isTemplate": false,
    "count": 0,
    "lang": "pt-br",
    "updated": 0
  },
  {
    "id": "7834b904-5ab3-4e2f-b53d-818f9fc6c85e",
    "data": [
      {
        "text": "escolho ",
        "userDefined": false
      },
      {
        "text": "1",
        "userDefined": false
      }
    ],
    "isTemplate": false,
    "count": 0,
    "lang": "pt-br",
    "updated": 0
  },
  {
    "id": "dafbf04a-56df-4884-9f67-f9afb526cb48",
    "data": [
      {
        "text": "um",
        "userDefined": false
      }
    ],
    "isTemplate": false,
    "count": 0,
    "lang": "pt-br",
    "updated": 0
  },
  {
    "id": "dc3d7bac-356e-4114-a5c7-1542ea19caa3",
    "data": [
      {
        "text": "1",
        "userDefined": false
      }
    ],
    "isTemplate": false,
    "count": 0,
    "lang": "pt-br",
    "updated": 0
  },
  {
    "id": "19b65ee7-be8c-46e0-af2b-babd2529f88a",
    "data": [
      {
        "text": "opção 1",
        "userDefined": false
      }
    ],
    "isTemplate": false,
    "count": 0,
    "lang": "pt-br",
    "updated": 0
  },
  {
    "id": "90d4f72e-634d-4da4-b75b-978ded7347b8",
    "data": [
      {
        "text": "escolho o número 1",
        "userDefined": false
      }
    ],
    "isTemplate": false,
    "count": 1,
    "lang": "pt-br",
    "updated": 0
  },
  {
    "id": "a1957f75-d737-4570-bf57-f41fb632e3c1",
    "data": [
      {
        "text": "escolher o ",
        "userDefined": false
      },
      {
        "text": "primeiro",
        "userDefined": true
      }
    ],
    "isTemplate": false,
    "count": 1,
    "lang": "pt-br",
    "updated": 0
  },
  {
    "id": "61d2e692-dc87-456e-bc0c-4b69a3e760b6",
    "data": [
      {
        "text": "selecione o ",
        "userDefined": false
      },
      {
        "text": "primeiro",
        "userDefined": true
      }
    ],
    "isTemplate": false,
    "count": 1,
    "lang": "pt-br",
    "updated": 0
  },
  {
    "id": "39c10c67-bf1c-496f-8cfb-ca0208faa506",
    "data": [
      {
        "text": "o primeiro",
        "userDefined": false
      }
    ],
    "isTemplate": false,
    "count": 0,
    "lang": "pt-br",
    "updated": 0
  },
  {
    "id": "9d3aebcd-8edf-443f-af14-bfe65086ed78",
    "data": [
      {
        "text": "mostre o primeiro",
        "userDefined": false
      }
    ],
    "isTemplate": false,
    "count": 1,
    "lang": "pt-br",
    "updated": 0
  },
  {
    "id": "ed2e7436-d110-4326-9d0d-72692590285f",
    "data": [
      {
        "text": "o 1º",
        "userDefined": false
      }
    ],
    "isTemplate": false,
    "count": 1,
    "lang": "pt-br",
    "updated": 0
  },
  {
    "id": "eb51daea-1ec4-40e2-9f0b-1b35dd1bfd63",
    "data": [
      {
        "text": "ver 1",
        "userDefined": false
      }
    ],
    "isTemplate": false,
    "count": 0,
    "lang": "pt-br",
    "updated": 0
  },
  {
    "id": "1f22612c-bafa-429d-b013-989fd605a91b",
    "data": [
      {
        "text": "número 1",
        "userDefined": false
      }
    ],
    "isTemplate": false,
    "count": 0,
    "lang": "pt-br",
    "updated": 0
  }
]