[
  {
    "id": "392404bf-715e-41e1-9b05-8a5e083483fc",
    "data": [
      {
        "text": "passado",
        "userDefined": false
      }
    ],
    "isTemplate": false,
    "count": 0,
    "lang": "pt-br",
    "updated": 0
  },
  {
    "id": "29ca9fac-3f34-4473-bd83-a106cfc82884",
    "data": [
      {
        "text": "feitas",
        "userDefined": false
      }
    ],
    "isTemplate": false,
    "count": 0,
    "lang": "pt-br",
    "updated": 0
  },
  {
    "id": "70bd290b-09b3-426b-8d6c-9ad57c1246df",
    "data": [
      {
        "text": "historico",
        "userDefined": false
      }
    ],
    "isTemplate": false,
    "count": 0,
    "lang": "pt-br",
    "updated": 0
  },
  {
    "id": "f27cf551-82a8-481d-8831-66516ba85a18",
    "data": [
      {
        "text": "letra a",
        "userDefined": false
      }
    ],
    "isTemplate": false,
    "count": 0,
    "lang": "pt-br",
    "updated": 0
  },
  {
    "id": "5a14b393-f525-4855-aee1-80c5062354c2",
    "data": [
      {
        "text": "quero a",
        "userDefined": false
      }
    ],
    "isTemplate": false,
    "count": 0,
    "lang": "pt-br",
    "updated": 0
  },
  {
    "id": "c9c1d1ad-2495-4438-b837-225f69032488",
    "data": [
      {
        "text": "opção a",
        "userDefined": false
      }
    ],
    "isTemplate": false,
    "count": 0,
    "lang": "pt-br",
    "updated": 0
  },
  {
    "id": "fa6e3496-6aac-42f9-87d6-ec517836196c",
    "data": [
      {
        "text": "opcao a",
        "userDefined": false
      }
    ],
    "isTemplate": false,
    "count": 0,
    "lang": "pt-br",
    "updated": 0
  },
  {
    "id": "9b684f32-de64-4ce9-a9ed-6bb6f8f5dad4",
    "data": [
      {
        "text": "A",
        "userDefined": false
      }
    ],
    "isTemplate": false,
    "count": 0,
    "lang": "pt-br",
    "updated": 0
  }
]