[
  {
    "id": "d4458f05-435d-4945-bc22-cd72a1b89db5",
    "data": [
      {
        "text": "marcadas",
        "userDefined": false
      }
    ],
    "isTemplate": false,
    "count": 0,
    "lang": "pt-br",
    "updated": 0
  },
  {
    "id": "f3f38702-e861-47b7-ae45-7d306b910628",
    "data": [
      {
        "text": "opcao b",
        "userDefined": false
      }
    ],
    "isTemplate": false,
    "count": 0,
    "lang": "pt-br",
    "updated": 0
  },
  {
    "id": "8af56a10-5ef8-422c-aacc-e1f970ee0caf",
    "data": [
      {
        "text": "opção b",
        "userDefined": false
      }
    ],
    "isTemplate": false,
    "count": 0,
    "lang": "pt-br",
    "updated": 0
  },
  {
    "id": "42fc1bbb-274f-4189-aae1-9d052aac59db",
    "data": [
      {
        "text": "B",
        "userDefined": false
      }
    ],
    "isTemplate": false,
    "count": 0,
    "lang": "pt-br",
    "updated": 0
  },
  {
    "id": "3f5bb51b-cdcb-41b8-b0b4-6933697e25bf",
    "data": [
      {
        "text": "quero b",
        "userDefined": false
      }
    ],
    "isTemplate": false,
    "count": 0,
    "lang": "pt-br",
    "updated": 0
  },
  {
    "id": "ba7bba54-6c84-4e83-a31f-1dbe384ad107",
    "data": [
      {
        "text": "letra b",
        "userDefined": false
      }
    ],
    "isTemplate": false,
    "count": 0,
    "lang": "pt-br",
    "updated": 0
  },
  {
    "id": "4da3bea9-c8bf-4279-ac73-b5e5d5998976",
    "data": [
      {
        "text": "agendadas",
        "userDefined": false
      }
    ],
    "isTemplate": false,
    "count": 0,
    "lang": "pt-br",
    "updated": 0
  },
  {
    "id": "0da3f030-c7fa-4d06-944b-aa12f0d5678a",
    "data": [
      {
        "text": "futuro",
        "userDefined": false
      }
    ],
    "isTemplate": false,
    "count": 0,
    "lang": "pt-br",
    "updated": 0
  }
]