[
  {
    "id": "c5404cf9-4999-479d-b29e-641282f5d67a",
    "data": [
      {
        "text": "numero ",
        "userDefined": false
      },
      {
        "text": "2",
        "userDefined": false
      }
    ],
    "isTemplate": false,
    "count": 0,
    "lang": "pt-br",
    "updated": 0
  },
  {
    "id": "ca941641-9c48-47cf-8ac6-4f81c7057e7b",
    "data": [
      {
        "text": "ver 2",
        "userDefined": false
      }
    ],
    "isTemplate": false,
    "count": 0,
    "lang": "pt-br",
    "updated": 0
  },
  {
    "id": "add8e99e-79cb-402a-828d-6d10a864678c",
    "data": [
      {
        "text": "o ",
        "userDefined": false
      },
      {
        "text": "2º",
        "userDefined": false
      }
    ],
    "isTemplate": false,
    "count": 0,
    "lang": "pt-br",
    "updated": 0
  },
  {
    "id": "4f1d0f4a-897d-488e-a490-c71596db86e3",
    "data": [
      {
        "text": "mostre o ",
        "userDefined": false
      },
      {
        "text": "segundo",
        "userDefined": false
      }
    ],
    "isTemplate": false,
    "count": 0,
    "lang": "pt-br",
    "updated": 0
  },
  {
    "id": "0b0bdaab-de9d-4a84-898e-d79822f5ee66",
    "data": [
      {
        "text": "selecione o ",
        "userDefined": false
      },
      {
        "text": "segundo",
        "userDefined": false
      }
    ],
    "isTemplate": false,
    "count": 0,
    "lang": "pt-br",
    "updated": 0
  },
  {
    "id": "3f225235-11b5-49f3-9897-fb1cee83a13d",
    "data": [
      {
        "text": "escolher o ",
        "userDefined": false
      },
      {
        "text": "segundo",
        "userDefined": false
      }
    ],
    "isTemplate": false,
    "count": 0,
    "lang": "pt-br",
    "updated": 0
  },
  {
    "id": "49e6e78a-6b75-42ab-982f-0098f47d7e81",
    "data": [
      {
        "text": "escolho o número ",
        "userDefined": false
      },
      {
        "text": "2",
        "userDefined": false
      }
    ],
    "isTemplate": false,
    "count": 0,
    "lang": "pt-br",
    "updated": 0
  },
  {
    "id": "a94da586-850c-4edb-9ef0-4fe685d54ea8",
    "data": [
      {
        "text": "opção ",
        "userDefined": false
      },
      {
        "text": "2",
        "userDefined": false
      }
    ],
    "isTemplate": false,
    "count": 0,
    "lang": "pt-br",
    "updated": 0
  },
  {
    "id": "447873ec-748f-4260-8736-ffb44401cf33",
    "data": [
      {
        "text": "opcao ",
        "userDefined": false
      },
      {
        "text": "2",
        "userDefined": false
      }
    ],
    "isTemplate": false,
    "count": 0,
    "lang": "pt-br",
    "updated": 0
  },
  {
    "id": "c7272a48-f12c-412e-888c-14cc0fc11984",
    "data": [
      {
        "text": "2",
        "userDefined": false
      }
    ],
    "isTemplate": false,
    "count": 0,
    "lang": "pt-br",
    "updated": 0
  },
  {
    "id": "946a5545-3336-4274-b662-48237863f2ec",
    "data": [
      {
        "text": "dois",
        "userDefined": false
      }
    ],
    "isTemplate": false,
    "count": 0,
    "lang": "pt-br",
    "updated": 0
  },
  {
    "id": "0568140c-df04-405a-a08f-80a7360fae7e",
    "data": [
      {
        "text": "escolho ",
        "userDefined": false
      },
      {
        "text": "2",
        "userDefined": false
      }
    ],
    "isTemplate": false,
    "count": 0,
    "lang": "pt-br",
    "updated": 0
  },
  {
    "id": "d0158772-bfde-4646-b3c3-b898a0ebc218",
    "data": [
      {
        "text": "exames",
        "userDefined": false
      }
    ],
    "isTemplate": false,
    "count": 0,
    "lang": "pt-br",
    "updated": 0
  },
  {
    "id": "d495db92-7bf4-480b-bd40-b08ccdc84aea",
    "data": [
      {
        "text": "exame",
        "userDefined": false
      }
    ],
    "isTemplate": false,
    "count": 0,
    "lang": "pt-br",
    "updated": 0
  }
]