[
  {
    "id": "54e5e714-7fef-4b2a-b1c8-71a171ab58e0",
    "data": [
      {
        "text": "escolho a ",
        "userDefined": false
      },
      {
        "text": "2",
        "userDefined": false
      }
    ],
    "isTemplate": false,
    "count": 0,
    "lang": "pt-br",
    "updated": 0
  },
  {
    "id": "63d119ad-e084-4927-aa3f-86fe3f2f1872",
    "data": [
      {
        "text": "quero a ",
        "userDefined": false
      },
      {
        "text": "2",
        "userDefined": false
      }
    ],
    "isTemplate": false,
    "count": 0,
    "lang": "pt-br",
    "updated": 0
  },
  {
    "id": "4d0935f3-63d3-4185-abe4-c80bc7104bc0",
    "data": [
      {
        "text": "dois",
        "userDefined": false
      }
    ],
    "isTemplate": false,
    "count": 1,
    "lang": "pt-br",
    "updated": 0
  },
  {
    "id": "d6d1e598-fb02-44df-a188-62d323a3260e",
    "data": [
      {
        "text": "numero ",
        "userDefined": false
      },
      {
        "text": "2",
        "userDefined": false
      }
    ],
    "isTemplate": false,
    "count": 0,
    "lang": "pt-br",
    "updated": 0
  },
  {
    "id": "6d7cb5e5-d1f0-42d6-ad10-ab93d18f38a5",
    "data": [
      {
        "text": "opção ",
        "userDefined": false
      },
      {
        "text": "2",
        "userDefined": false
      }
    ],
    "isTemplate": false,
    "count": 0,
    "lang": "pt-br",
    "updated": 0
  }
]