[
  {
    "id": "e5d2c4a1-d8f9-4d34-829e-93b56010fbe7",
    "data": [
      {
        "text": "A",
        "userDefined": false
      }
    ],
    "isTemplate": false,
    "count": 0,
    "lang": "pt-br",
    "updated": 0
  },
  {
    "id": "5f58142d-49c2-45f0-a77e-d7e827ae0e49",
    "data": [
      {
        "text": "opcao a",
        "userDefined": false
      }
    ],
    "isTemplate": false,
    "count": 0,
    "lang": "pt-br",
    "updated": 0
  },
  {
    "id": "f85651c2-4588-4232-9d2d-10c6c1f2e79e",
    "data": [
      {
        "text": "opção a",
        "userDefined": false
      }
    ],
    "isTemplate": false,
    "count": 0,
    "lang": "pt-br",
    "updated": 0
  },
  {
    "id": "01c890ad-6562-4be2-99c5-a8c5e1bf511c",
    "data": [
      {
        "text": "quero a",
        "userDefined": false
      }
    ],
    "isTemplate": false,
    "count": 0,
    "lang": "pt-br",
    "updated": 0
  },
  {
    "id": "62ab28e3-3301-4aec-98d0-e16def0026fd",
    "data": [
      {
        "text": "letra a",
        "userDefined": false
      }
    ],
    "isTemplate": false,
    "count": 0,
    "lang": "pt-br",
    "updated": 0
  },
  {
    "id": "4a364357-05d0-445a-9b82-242a03e91bae",
    "data": [
      {
        "text": "historico",
        "userDefined": false
      }
    ],
    "isTemplate": false,
    "count": 0,
    "lang": "pt-br",
    "updated": 0
  },
  {
    "id": "be9b4f75-16dc-4801-8a7a-0e60b86d9a17",
    "data": [
      {
        "text": "feitas",
        "userDefined": false
      }
    ],
    "isTemplate": false,
    "count": 0,
    "lang": "pt-br",
    "updated": 0
  },
  {
    "id": "864a56a8-6452-405d-9717-bdb46bd6790c",
    "data": [
      {
        "text": "passado",
        "userDefined": false
      }
    ],
    "isTemplate": false,
    "count": 0,
    "lang": "pt-br",
    "updated": 0
  }
]