[
  {
    "id": "5721c12e-0207-40ab-b30a-d907af3650a0",
    "data": [
      {
        "text": "futuro",
        "userDefined": false
      }
    ],
    "isTemplate": false,
    "count": 0,
    "lang": "pt-br",
    "updated": 0
  },
  {
    "id": "2b4360eb-39c5-4623-8162-cedb4b4cf41f",
    "data": [
      {
        "text": "agendadas",
        "userDefined": false
      }
    ],
    "isTemplate": false,
    "count": 0,
    "lang": "pt-br",
    "updated": 0
  },
  {
    "id": "4f53d072-b8f5-4ae1-a3c8-5cd58d873141",
    "data": [
      {
        "text": "letra ",
        "userDefined": false
      },
      {
        "text": "b",
        "userDefined": false
      }
    ],
    "isTemplate": false,
    "count": 0,
    "lang": "pt-br",
    "updated": 0
  },
  {
    "id": "7d29fd4a-39e8-4798-b46a-086c36452033",
    "data": [
      {
        "text": "quero b",
        "userDefined": false
      }
    ],
    "isTemplate": false,
    "count": 0,
    "lang": "pt-br",
    "updated": 0
  },
  {
    "id": "26a9b24c-7eed-4740-a760-966d1e21dd4b",
    "data": [
      {
        "text": "B",
        "userDefined": false
      }
    ],
    "isTemplate": false,
    "count": 0,
    "lang": "pt-br",
    "updated": 0
  },
  {
    "id": "d7f3a00e-6d92-47a5-a74a-2eb052c160d7",
    "data": [
      {
        "text": "opção b",
        "userDefined": false
      }
    ],
    "isTemplate": false,
    "count": 0,
    "lang": "pt-br",
    "updated": 0
  },
  {
    "id": "ace5dbf2-d52c-4fa7-b249-6ee2b6d78858",
    "data": [
      {
        "text": "opcao b",
        "userDefined": false
      }
    ],
    "isTemplate": false,
    "count": 0,
    "lang": "pt-br",
    "updated": 0
  },
  {
    "id": "7160ae91-548d-4c49-8cb9-b3ca91f41e6b",
    "data": [
      {
        "text": "marcados",
        "userDefined": false
      }
    ],
    "isTemplate": false,
    "count": 0,
    "lang": "pt-br",
    "updated": 0
  }
]