[
  {
    "id": "a6951404-f1a6-47cf-a4c6-99f5370d63ba",
    "data": [
      {
        "text": "quarto",
        "userDefined": false
      }
    ],
    "isTemplate": false,
    "count": 0,
    "lang": "pt-br",
    "updated": 0
  },
  {
    "id": "4c458725-70ad-4a88-a047-111625389093",
    "data": [
      {
        "text": "quatro",
        "userDefined": false
      }
    ],
    "isTemplate": false,
    "count": 0,
    "lang": "pt-br",
    "updated": 0
  },
  {
    "id": "863cca3d-eb60-4b66-a3b4-c3c83676c3ae",
    "data": [
      {
        "text": "quero ",
        "userDefined": false
      },
      {
        "text": "4",
        "userDefined": false
      }
    ],
    "isTemplate": false,
    "count": 0,
    "lang": "pt-br",
    "updated": 0
  },
  {
    "id": "77ab23f4-d201-4dc3-9f2d-d79770096aff",
    "data": [
      {
        "text": "4",
        "userDefined": false
      }
    ],
    "isTemplate": false,
    "count": 0,
    "lang": "pt-br",
    "updated": 0
  },
  {
    "id": "3ce746cc-0fdc-4dfc-80a9-c6d36c27ed89",
    "data": [
      {
        "text": "escolho ",
        "userDefined": false
      },
      {
        "text": "4",
        "userDefined": false
      }
    ],
    "isTemplate": false,
    "count": 2,
    "lang": "pt-br",
    "updated": 0
  },
  {
    "id": "5b7c1260-3901-41a5-afaa-3c78991e314e",
    "data": [
      {
        "text": "popular",
        "userDefined": false
      }
    ],
    "isTemplate": false,
    "count": 2,
    "lang": "pt-br",
    "updated": 0
  },
  {
    "id": "2f9dd9f6-1db6-425d-bcb7-b8f9ccb64817",
    "data": [
      {
        "text": "farmácias",
        "userDefined": false
      }
    ],
    "isTemplate": false,
    "count": 1,
    "lang": "pt-br",
    "updated": 0
  },
  {
    "id": "e326e873-6b15-4d7f-bceb-8827cf8986e2",
    "data": [
      {
        "text": "mostre ",
        "userDefined": false
      },
      {
        "text": "o quarto",
        "userDefined": false
      }
    ],
    "isTemplate": false,
    "count": 1,
    "lang": "pt-br",
    "updated": 0
  },
  {
    "id": "7ad66991-f0db-48e1-892c-514206cfcc0d",
    "data": [
      {
        "text": "o quarto",
        "userDefined": false
      }
    ],
    "isTemplate": false,
    "count": 0,
    "lang": "pt-br",
    "updated": 0
  },
  {
    "id": "f4a4a802-c7d8-4dbd-83ef-9aca142b1358",
    "data": [
      {
        "text": "selecione ",
        "userDefined": false
      },
      {
        "text": "o quarto",
        "userDefined": false
      }
    ],
    "isTemplate": false,
    "count": 1,
    "lang": "pt-br",
    "updated": 0
  },
  {
    "id": "9b569af1-2054-4d2a-a182-2ae980db185c",
    "data": [
      {
        "text": "escolher ",
        "userDefined": false
      },
      {
        "text": "o quarto",
        "userDefined": false
      }
    ],
    "isTemplate": false,
    "count": 0,
    "lang": "pt-br",
    "updated": 0
  },
  {
    "id": "e676400a-6f57-4904-98c8-5fd8beac0a12",
    "data": [
      {
        "text": "escolho o número ",
        "userDefined": false
      },
      {
        "text": "4",
        "userDefined": false
      }
    ],
    "isTemplate": false,
    "count": 0,
    "lang": "pt-br",
    "updated": 0
  },
  {
    "id": "2deb0a77-f758-4ca7-919d-ea4d255561ed",
    "data": [
      {
        "text": "opção ",
        "userDefined": false
      },
      {
        "text": "4",
        "userDefined": false
      }
    ],
    "isTemplate": false,
    "count": 0,
    "lang": "pt-br",
    "updated": 0
  },
  {
    "id": "21c1db4d-847f-4792-adf5-58cf6c214be9",
    "data": [
      {
        "text": "opcao 4",
        "userDefined": false
      }
    ],
    "isTemplate": false,
    "count": 0,
    "lang": "pt-br",
    "updated": 0
  }
]