[
  {
    "id": "9da8be46-f163-4c57-b464-7b3b7ac5af5f",
    "data": [
      {
        "text": "10",
        "meta": "@sys.number",
        "alias": "opcao",
        "userDefined": false
      }
    ],
    "isTemplate": false,
    "count": 0,
    "lang": "pt-br",
    "updated": 0
  },
  {
    "id": "7a604de3-6131-40a9-9711-74df3ea5a3f3",
    "data": [
      {
        "text": "9",
        "meta": "@sys.number",
        "alias": "opcao",
        "userDefined": false
      }
    ],
    "isTemplate": false,
    "count": 0,
    "lang": "pt-br",
    "updated": 0
  },
  {
    "id": "8642b703-79ac-499e-8f10-b7a22cd6d3cf",
    "data": [
      {
        "text": "8",
        "meta": "@sys.number",
        "alias": "opcao",
        "userDefined": false
      }
    ],
    "isTemplate": false,
    "count": 0,
    "lang": "pt-br",
    "updated": 0
  },
  {
    "id": "133ddb9e-c88b-4dae-9d87-ff8e2508bb1f",
    "data": [
      {
        "text": "7",
        "meta": "@sys.number",
        "alias": "opcao",
        "userDefined": false
      }
    ],
    "isTemplate": false,
    "count": 0,
    "lang": "pt-br",
    "updated": 0
  },
  {
    "id": "9b351f44-b02b-485d-8b64-4090be0bafea",
    "data": [
      {
        "text": "6",
        "meta": "@sys.number",
        "alias": "opcao",
        "userDefined": false
      }
    ],
    "isTemplate": false,
    "count": 0,
    "lang": "pt-br",
    "updated": 0
  },
  {
    "id": "84961f45-0933-4d35-8693-6c28daefab14",
    "data": [
      {
        "text": "5",
        "meta": "@sys.number",
        "alias": "opcao",
        "userDefined": false
      }
    ],
    "isTemplate": false,
    "count": 0,
    "lang": "pt-br",
    "updated": 0
  },
  {
    "id": "a17d3e20-86b7-4d02-8ca5-b024d71999fd",
    "data": [
      {
        "text": "4",
        "meta": "@sys.number",
        "alias": "opcao",
        "userDefined": false
      }
    ],
    "isTemplate": false,
    "count": 0,
    "lang": "pt-br",
    "updated": 0
  },
  {
    "id": "2d815fb9-e1ca-4653-990d-61497e1a0ae5",
    "data": [
      {
        "text": "3",
        "meta": "@sys.number",
        "alias": "opcao",
        "userDefined": false
      }
    ],
    "isTemplate": false,
    "count": 0,
    "lang": "pt-br",
    "updated": 0
  },
  {
    "id": "15ee5ad9-ed2f-4b52-a181-45c84ae35b1d",
    "data": [
      {
        "text": "2",
        "meta": "@sys.number",
        "alias": "opcao",
        "userDefined": false
      }
    ],
    "isTemplate": false,
    "count": 0,
    "lang": "pt-br",
    "updated": 0
  },
  {
    "id": "cfbe91f4-010f-4b77-9492-8abd68630d9d",
    "data": [
      {
        "text": "1",
        "meta": "@sys.number",
        "alias": "opcao",
        "userDefined": false
      }
    ],
    "isTemplate": false,
    "count": 0,
    "lang": "pt-br",
    "updated": 0
  },
  {
    "id": "919a3556-d990-4bf2-aa7e-5ed0217a37d2",
    "data": [
      {
        "text": "leia os próximos resultados",
        "userDefined": false
      }
    ],
    "isTemplate": false,
    "count": 1,
    "lang": "pt-br",
    "updated": 0
  },
  {
    "id": "83839083-5887-47ac-8505-c89d9170b5ad",
    "data": [
      {
        "text": "próxima",
        "userDefined": false
      }
    ],
    "isTemplate": false,
    "count": 2,
    "lang": "pt-br",
    "updated": 0
  },
  {
    "id": "e692fd0a-c659-48f7-b1c7-6f8c052d80c4",
    "data": [
      {
        "text": "mostre os próximos resultados",
        "userDefined": false
      }
    ],
    "isTemplate": false,
    "count": 0,
    "lang": "pt-br",
    "updated": 0
  },
  {
    "id": "dc601995-7aac-44e2-aafb-c44059f92a5f",
    "data": [
      {
        "text": "vá para a próxima página",
        "userDefined": false
      }
    ],
    "isTemplate": false,
    "count": 0,
    "lang": "pt-br",
    "updated": 0
  },
  {
    "id": "48b143e4-e20f-4eea-8e0c-e4d268b5e26e",
    "data": [
      {
        "text": "mostre a próxima",
        "userDefined": false
      }
    ],
    "isTemplate": false,
    "count": 1,
    "lang": "pt-br",
    "updated": 0
  },
  {
    "id": "d0d96ad6-a2c5-472c-918d-7e128561f986",
    "data": [
      {
        "text": "próximo resultado",
        "userDefined": false
      }
    ],
    "isTemplate": false,
    "count": 1,
    "lang": "pt-br",
    "updated": 0
  },
  {
    "id": "1101dde5-35b9-41f1-b36c-a3abb3118fff",
    "data": [
      {
        "text": "mostre a próxima página",
        "userDefined": false
      }
    ],
    "isTemplate": false,
    "count": 1,
    "lang": "pt-br",
    "updated": 0
  },
  {
    "id": "17b9a845-3456-4a70-89c3-e6ca90878f8e",
    "data": [
      {
        "text": "avançar",
        "userDefined": false
      }
    ],
    "isTemplate": false,
    "count": 1,
    "lang": "pt-br",
    "updated": 0
  },
  {
    "id": "fe39ffce-3917-422d-9729-192d1c019c3e",
    "data": [
      {
        "text": "próxima página",
        "userDefined": false
      }
    ],
    "isTemplate": false,
    "count": 0,
    "lang": "pt-br",
    "updated": 0
  }
]