[
  {
    "id": "411ba3fb-5673-4dc5-b274-a1536ab2c25b",
    "data": [
      {
        "text": "quero a",
        "userDefined": false
      }
    ],
    "isTemplate": false,
    "count": 1,
    "lang": "pt-br",
    "updated": 0
  },
  {
    "id": "0f10df06-b79d-4d65-a399-4be7162a8421",
    "data": [
      {
        "text": "opção a",
        "userDefined": false
      }
    ],
    "isTemplate": false,
    "count": 0,
    "lang": "pt-br",
    "updated": 0
  },
  {
    "id": "3060cacb-2b45-467a-af9b-5f292d5a8177",
    "data": [
      {
        "text": "opcao a",
        "userDefined": false
      }
    ],
    "isTemplate": false,
    "count": 0,
    "lang": "pt-br",
    "updated": 0
  },
  {
    "id": "e544fe02-dc1a-4c33-a0bd-932cf333a7ac",
    "data": [
      {
        "text": "a",
        "userDefined": false
      }
    ],
    "isTemplate": false,
    "count": 0,
    "lang": "pt-br",
    "updated": 0
  },
  {
    "id": "a20c5b31-7ff1-49cc-a57b-4d8b43ea3143",
    "data": [
      {
        "text": "letra a",
        "userDefined": false
      }
    ],
    "isTemplate": false,
    "count": 0,
    "lang": "pt-br",
    "updated": 0
  },
  {
    "id": "ecab2697-7eee-471b-9b66-6f7b14ae532a",
    "data": [
      {
        "text": "ver avalicao",
        "userDefined": false
      }
    ],
    "isTemplate": false,
    "count": 0,
    "lang": "pt-br",
    "updated": 0
  },
  {
    "id": "2db046a3-168b-401f-b762-f7225e6c57ce",
    "data": [
      {
        "text": "ver avaliação",
        "userDefined": false
      }
    ],
    "isTemplate": false,
    "count": 0,
    "lang": "pt-br",
    "updated": 0
  }
]