[
  {
    "id": "6ab04afd-c669-4d4a-bac6-f990ea8f3945",
    "data": [
      {
        "text": "quero b",
        "userDefined": false
      }
    ],
    "isTemplate": false,
    "count": 0,
    "lang": "pt-br",
    "updated": 0
  },
  {
    "id": "da16ba6b-58bc-4770-bc82-edcaf43d7fcf",
    "data": [
      {
        "text": "opcao b",
        "userDefined": false
      }
    ],
    "isTemplate": false,
    "count": 0,
    "lang": "pt-br",
    "updated": 0
  },
  {
    "id": "53e88ca3-a1ae-4729-ad00-39e3aafa1ea7",
    "data": [
      {
        "text": "opção b",
        "userDefined": false
      }
    ],
    "isTemplate": false,
    "count": 0,
    "lang": "pt-br",
    "updated": 0
  },
  {
    "id": "316b6f31-e0ee-4b26-81dd-05fd0a7b4a9a",
    "data": [
      {
        "text": "b",
        "userDefined": false
      }
    ],
    "isTemplate": false,
    "count": 0,
    "lang": "pt-br",
    "updated": 0
  },
  {
    "id": "e9a97ebf-e199-4388-a272-67f00d088ccc",
    "data": [
      {
        "text": "letra b",
        "userDefined": false
      }
    ],
    "isTemplate": false,
    "count": 0,
    "lang": "pt-br",
    "updated": 0
  },
  {
    "id": "21e8c4d9-cb55-4583-9047-f9f9ffd46165",
    "data": [
      {
        "text": "escolho B",
        "userDefined": false
      }
    ],
    "isTemplate": false,
    "count": 0,
    "lang": "pt-br",
    "updated": 0
  },
  {
    "id": "f8586146-7d02-4698-8a48-9a1f651ac761",
    "data": [
      {
        "text": "avaliar unidades",
        "userDefined": false
      }
    ],
    "isTemplate": false,
    "count": 0,
    "lang": "pt-br",
    "updated": 0
  }
]