[
  {
    "id": "10117049-4eb2-4169-81ca-0df0ba0c179a",
    "data": [
      {
        "text": "enserrar",
        "userDefined": false
      }
    ],
    "isTemplate": false,
    "count": 0,
    "lang": "pt-br",
    "updated": 0
  },
  {
    "id": "0e4bca9c-d51f-4163-a029-659d76d8ce27",
    "data": [
      {
        "text": "enserar",
        "userDefined": false
      }
    ],
    "isTemplate": false,
    "count": 0,
    "lang": "pt-br",
    "updated": 0
  },
  {
    "id": "d7499381-be79-4ec7-ac4b-43eb3d54f6e2",
    "data": [
      {
        "text": "ecerar",
        "userDefined": false
      }
    ],
    "isTemplate": false,
    "count": 0,
    "lang": "pt-br",
    "updated": 0
  },
  {
    "id": "08503f20-038c-43ce-a1c3-e61ae5df6caa",
    "data": [
      {
        "text": "finalizar",
        "userDefined": false
      }
    ],
    "isTemplate": false,
    "count": 0,
    "lang": "pt-br",
    "updated": 0
  },
  {
    "id": "4c45fdda-ae7c-4c2f-b14b-ccfb274ec42a",
    "data": [
      {
        "text": "encerrar",
        "userDefined": false
      }
    ],
    "isTemplate": false,
    "count": 0,
    "lang": "pt-br",
    "updated": 0
  },
  {
    "id": "d7cece5b-befc-4705-9dc9-a59c22cff2c5",
    "data": [
      {
        "text": "bye",
        "userDefined": false
      }
    ],
    "isTemplate": false,
    "count": 0,
    "lang": "pt-br",
    "updated": 0
  },
  {
    "id": "14ce7e9a-9f19-4bc0-bf07-cf37ecbb4749",
    "data": [
      {
        "text": "até breve",
        "userDefined": false
      }
    ],
    "isTemplate": false,
    "count": 0,
    "lang": "pt-br",
    "updated": 0
  },
  {
    "id": "2b8cae1a-e7ba-43a1-a4e3-b5306c686bb5",
    "data": [
      {
        "text": "beijo",
        "userDefined": false
      }
    ],
    "isTemplate": false,
    "count": 0,
    "lang": "pt-br",
    "updated": 0
  },
  {
    "id": "c5813b8d-fb43-4a53-ac6c-a78996aee292",
    "data": [
      {
        "text": "valeu",
        "userDefined": false
      }
    ],
    "isTemplate": false,
    "count": 0,
    "lang": "pt-br",
    "updated": 0
  },
  {
    "id": "3884901c-e9e4-4b1b-acdd-9b66b492988c",
    "data": [
      {
        "text": "obrigado",
        "userDefined": false
      }
    ],
    "isTemplate": false,
    "count": 0,
    "lang": "pt-br",
    "updated": 0
  },
  {
    "id": "9a17ebc7-8155-48e4-8e78-34cef2103283",
    "data": [
      {
        "text": "sair",
        "userDefined": false
      }
    ],
    "isTemplate": false,
    "count": 0,
    "lang": "pt-br",
    "updated": 0
  },
  {
    "id": "60851833-7eb7-4da1-a157-dc63e4623ef6",
    "data": [
      {
        "text": "até",
        "userDefined": false
      }
    ],
    "isTemplate": false,
    "count": 0,
    "lang": "pt-br",
    "updated": 0
  },
  {
    "id": "f40017f8-0213-49a9-ac31-6716c2983a22",
    "data": [
      {
        "text": "fui",
        "userDefined": false
      }
    ],
    "isTemplate": false,
    "count": 0,
    "lang": "pt-br",
    "updated": 0
  },
  {
    "id": "bdc093fd-e4df-4d3a-b184-5a3784142102",
    "data": [
      {
        "text": "by",
        "userDefined": false
      }
    ],
    "isTemplate": false,
    "count": 0,
    "lang": "pt-br",
    "updated": 0
  },
  {
    "id": "1eb8e406-a654-4ef0-b6ef-da9361f69134",
    "data": [
      {
        "text": "bai",
        "userDefined": false
      }
    ],
    "isTemplate": false,
    "count": 0,
    "lang": "pt-br",
    "updated": 0
  },
  {
    "id": "41fe5f22-75c8-4cc0-8b77-e2a4234b2874",
    "data": [
      {
        "text": "tchau",
        "userDefined": false
      }
    ],
    "isTemplate": false,
    "count": 0,
    "lang": "pt-br",
    "updated": 0
  },
  {
    "id": "c91a3fe8-6c32-48c5-b0ef-ed0d04b7292d",
    "data": [
      {
        "text": "até logo",
        "userDefined": false
      }
    ],
    "isTemplate": false,
    "count": 0,
    "lang": "pt-br",
    "updated": 0
  },
  {
    "id": "69b5db69-1f20-4dd1-a9b0-a83c120d61f7",
    "data": [
      {
        "text": "adeus",
        "userDefined": false
      }
    ],
    "isTemplate": false,
    "count": 0,
    "lang": "pt-br",
    "updated": 0
  }
]